"Case","Pattern","BaselineNs","CandidateNs","DeltaPct"
"C1024-W1024-1of2","Terrain","36676.57","29309.07","-20.1"
"C1024-W1024-1of2","Uniform","35755.77","28917.62","-19.1"
"C1024-W512-1of8","Terrain","11015.95","9507.73","-13.7"
"C1024-W512-1of8","Uniform","11851.37","9427.19","-20.5"
"C20-W1-1of2","Terrain","95.7","84.19","-12"
"C20-W1-1of2","Uniform","99.46","77.57","-22"
"C20-W20-1of2","Terrain","356.28","260.81","-26.8"
"C20-W20-1of2","Uniform","298.63","289.75","-3"
"C20-W21-1of8","Terrain","345368.21","26157.1","-92.4"
"C20-W21-1of8","Uniform","140550.64","2324.35","-98.3"
"C2048-W2048-1of2","Terrain","98823.07","99650.25","0.8"
"C2048-W2048-1of2","Uniform","100267.96","99551.27","-0.7"
"C256-W20-1of2","Terrain","294.93","281.68","-4.5"
"C256-W20-1of2","Uniform","267.06","279.46","4.6"
"C256-W257-1of8","Terrain","332167.5","32422.44","-90.2"
"C256-W257-1of8","Uniform","140664.13","8558.21","-93.9"
"C256-W257-8of8","Terrain","408744.55","39535.96","-90.3"
"C256-W257-8of8","Uniform","143810.16","14987","-89.6"
"C256-W32-1of2","Terrain","401.24","406.36","1.3"
"C256-W32-1of2","Uniform","395.67","412.83","4.3"
"C256-W64-1of2","Terrain","746.13","952.64","27.7"
"C256-W64-1of2","Uniform","749.41","852.8","13.8"
"C32-W20-1of2","Terrain","272.03","411.68","51.3"
"C32-W20-1of2","Uniform","266.25","325.7","22.3"
"C32-W32-1of2","Terrain","401.76","462.29","15.1"
"C32-W32-1of2","Uniform","400.58","453.94","13.3"
"C4096-W4096-1of2","Terrain","354764.39","555961.87","56.7"
"C4096-W4096-1of2","Uniform","355929.61","488605.92","37.3"
"C512-W512-1of8","Terrain","8754.83","15960.88","82.3"
"C512-W512-1of8","Uniform","8711.72","16133.95","85.2"
"C64-W20-1of2","Terrain","272.51","408.04","49.7"
"C64-W20-1of2","Uniform","274.22","431.52","57.4"
"C64-W64-1of2","Terrain","749.59","1150.33","53.5"
"C64-W64-1of2","Uniform","743.64","1097.22","47.5"
