"Case","Pattern","BaselineNs","FinalNs","DeltaPct","BaselineAlloc","FinalAlloc"
"C1024-W1024-1of2","Terrain","36676.57","10604.35","-71.1","152 B","176 B"
"C1024-W1024-1of2","Uniform","35755.77","10832.21","-69.7","152 B","176 B"
"C1024-W512-1of8","Terrain","11015.95","6041.69","-45.2","200 B","224 B"
"C1024-W512-1of8","Uniform","11851.37","6127.38","-48.3","200 B","224 B"
"C20-W1-1of2","Terrain","95.7","80.69","-15.7","152 B","176 B"
"C20-W1-1of2","Uniform","99.46","80.64","-18.9","152 B","176 B"
"C20-W20-1of2","Terrain","356.28","302.53","-15.1","152 B","176 B"
"C20-W20-1of2","Uniform","298.63","316.85","6.1","152 B","176 B"
"C20-W21-1of8","Terrain","345368.21","31608.06","-90.8","1049272 B","312 B"
"C20-W21-1of8","Uniform","140550.64","2309.03","-98.4","1050028 B","312 B"
"C2048-W2048-1of2","Terrain","98823.07","22984.77","-76.7","152 B","176 B"
"C2048-W2048-1of2","Uniform","100267.96","23631.27","-76.4","152 B","176 B"
"C256-W20-1of2","Terrain","294.93","347.2","17.7","152 B","176 B"
"C256-W20-1of2","Uniform","267.06","327.97","22.8","152 B","176 B"
"C256-W257-1of8","Terrain","332167.5","38364.79","-88.5","1049257 B","312 B"
"C256-W257-1of8","Uniform","140664.13","8928.49","-93.7","1050052 B","312 B"
"C256-W257-8of8","Terrain","408744.55","46207.65","-88.7","1049257 B","312 B"
"C256-W257-8of8","Uniform","143810.16","15827.87","-89","1050145 B","312 B"
"C256-W32-1of2","Terrain","401.24","459.23","14.5","152 B","176 B"
"C256-W32-1of2","Uniform","395.67","472.28","19.4","152 B","176 B"
"C256-W64-1of2","Terrain","746.13","876.65","17.5","152 B","176 B"
"C256-W64-1of2","Uniform","749.41","837.64","11.8","152 B","176 B"
"C32-W20-1of2","Terrain","272.03","335.93","23.5","152 B","176 B"
"C32-W20-1of2","Uniform","266.25","362","36","152 B","176 B"
"C32-W32-1of2","Terrain","401.76","473.81","17.9","152 B","176 B"
"C32-W32-1of2","Uniform","400.58","464.12","15.9","152 B","176 B"
"C4096-W4096-1of2","Terrain","354764.39","44222.06","-87.5","152 B","176 B"
"C4096-W4096-1of2","Uniform","355929.61","45023.73","-87.4","152 B","176 B"
"C512-W512-1of8","Terrain","8754.83","6794.44","-22.4","200 B","224 B"
"C512-W512-1of8","Uniform","8711.72","6889.34","-20.9","200 B","224 B"
"C64-W20-1of2","Terrain","272.51","324.77","19.2","152 B","176 B"
"C64-W20-1of2","Uniform","274.22","348.18","27","152 B","176 B"
"C64-W64-1of2","Terrain","749.59","900.36","20.1","152 B","176 B"
"C64-W64-1of2","Uniform","743.64","835.81","12.4","152 B","176 B"
