Method,Case,Pattern,BaselineMeanNs,BaselineMedianNs,BaselineMinNs,BaselineMaxNs,BaselineN,BaselineAllocated,FinalMeanNs,FinalMedianNs,FinalMinNs,FinalMaxNs,FinalN,FinalAllocated,MedianDeltaPct
DeferredCompleteCycle,C20-W21-1of8,Terrain,874121.0,874769.0,864502.0,883094.0,3,1.03 MB,95232.0,94809.0,93381.0,97505.0,3,5408 B,-89.162
DeferredCompleteCycle,C20-W21-1of8,Uniform,175866.0,175787.0,173381.0,178430.0,3,1 MB,17900.0,17433.0,17266.0,19002.0,3,1256 B,-90.083
DeferredCompleteCycle,C256-W257-1of8,Terrain,909712.0,907975.0,894934.0,926227.0,3,1.04 MB,161835.0,160096.0,159705.0,165704.0,3,9176 B,-82.368
DeferredCompleteCycle,C256-W257-1of8,Uniform,269281.0,262405.0,260945.0,284492.0,3,1.01 MB,83694.0,83312.0,83220.0,84550.0,3,5472 B,-68.251
DeferredCompleteCycle,C256-W257-8of8,Terrain,1034999.9999999999,1018000.0,1002999.9999999999,1082000.0,3,1.04 MB,837245.0,846211.0,810882.0,854642.0,3,42952 B,-16.875
DeferredCompleteCycle,C256-W257-8of8,Uniform,335901.0,335465.0,334839.0,337401.0,3,1.01 MB,205110.0,202636.0,202408.0,210287.0,3,9928 B,-39.595
DeferredEditSession,C20-W21-1of8,Terrain,363382.0,363954.0,358300.0,367891.0,3,1 MB,31431.0,32064.999999999996,29254.0,32973.0,3,328 B,-91.19
DeferredEditSession,C20-W21-1of8,Uniform,132309.0,132352.0,132054.0,132519.0,3,1 MB,2707.0,2765.0,2584.0,2771.0,3,328 B,-97.911
DeferredEditSession,C256-W257-1of8,Terrain,364481.0,366013.0,358276.0,369153.0,3,1 MB,34369.0,34482.0,34054.0,34572.0,3,328 B,-90.579
DeferredEditSession,C256-W257-1of8,Uniform,146652.0,147054.0,144982.0,147921.0,3,1 MB,8792.0,8920.0,8435.0,9022.0,3,328 B,-93.934
DeferredEditSession,C256-W257-8of8,Terrain,382757.0,382295.0,372450.0,393527.0,3,1 MB,41355.0,41689.0,40376.0,42001.0,3,328 B,-89.095
DeferredEditSession,C256-W257-8of8,Uniform,144186.0,144096.0,142575.0,145886.0,3,1 MB,15933.0,15636.0,15409.0,16755.0,3,328 B,-89.149
DeferredMakeHotCycle,C20-W21-1of8,Terrain,362423.0,361634.0,355160.0,370475.0,3,1 MB,365408.0,365447.0,363440.0,367335.0,3,1049385 B,1.054
DeferredMakeHotCycle,C20-W21-1of8,Uniform,136476.0,136803.0,133454.0,139169.0,3,1 MB,137331.0,137316.0,136170.0,138506.0,3,1050138 B,0.375
DeferredMakeHotCycle,C256-W257-1of8,Terrain,367837.0,366026.0,364182.0,373302.0,3,1 MB,370090.0,370957.0,366491.0,372822.0,3,1049385 B,1.347
DeferredMakeHotCycle,C256-W257-1of8,Uniform,145152.0,146491.0,141608.0,147357.0,3,1 MB,162741.0,165878.0,156191.0,166154.0,3,1050194 B,13.234
DeferredMakeHotCycle,C256-W257-8of8,Terrain,427459.0,428650.0,425041.0,428684.0,3,1 MB,385990.0,385173.0,384751.0,388045.0,3,1049385 B,-10.143
DeferredMakeHotCycle,C256-W257-8of8,Uniform,146232.0,145410.0,141907.0,151379.0,3,1 MB,163436.0,164834.0,160611.0,164863.0,3,1050262 B,13.358
DeferredSerializeCycle,C20-W21-1of8,Terrain,855671.0,848098.0,847063.0,871851.0,3,1.03 MB,103196.0,103146.0,102954.0,103489.0,3,5408 B,-87.838
DeferredSerializeCycle,C20-W21-1of8,Uniform,175355.0,176497.0,172622.0,176947.0,3,1 MB,17635.0,17434.0,17391.0,18079.0,3,1256 B,-90.122
DeferredSerializeCycle,C256-W257-1of8,Terrain,1052000.0,1087000.0,956000.0,1112000.0,3,1.04 MB,159338.0,159076.0,157260.0,161680.0,3,9176 B,-85.366
DeferredSerializeCycle,C256-W257-1of8,Uniform,264232.0,261062.0,260551.0,271081.0,3,1.01 MB,84382.0,84661.0,83049.0,85437.0,3,5472 B,-67.571
DeferredSerializeCycle,C256-W257-8of8,Terrain,1213000.0,1214000.0,1205000.0,1219000.0,3,1.04 MB,811241.0,817274.0,798871.0,817577.0,3,42952 B,-32.679
DeferredSerializeCycle,C256-W257-8of8,Uniform,327727.0,326338.0,325892.0,330952.0,3,1.01 MB,192212.0,190822.0,190683.0,195130.0,3,9928 B,-41.526
