Method,Job,AnalyzeLaunchVariance,EvaluateOverhead,MaxAbsoluteError,MaxRelativeError,MinInvokeCount,MinIterationTime,OutlierMode,Affinity,EnvironmentVariables,Jit,LargeAddressAware,Platform,PowerPlanMode,Runtime,AllowVeryLargeObjects,Concurrent,CpuGroups,Force,HeapAffinitizeMask,HeapCount,NoAffinitize,RetainVm,Server,Arguments,BuildConfiguration,Clock,EngineFactory,Toolchain,IsMutator,ConsumeTasksSynchronously,InvocationCount,IterationCount,IterationTime,JitTieringMode,LaunchCount,MaxIterationCount,MaxWarmupIterationCount,MemoryRandomization,MinIterationCount,MinWarmupIterationCount,RunStrategy,UnrollFactor,WarmupCount,Categories,Levels,Pattern,Mean,Error,StdDev,Ratio,Gen0,Allocated,Alloc Ratio
BuildBefore,Job-ZNVNAZ,False,Default,Default,Default,Default,Default,Default,11111111111111111111111111111111,Empty,RyuJit,Default,X64,8c5e7fda-e8bf-4a96-9a85-a6e23a8c635c,.NET 10.0,False,True,False,True,Default,Default,False,False,False,Default,Default,Default,Default,Default,Default,False,Default,5,100ms,Default,1,Default,Default,Default,Default,Default,Default,16,3,Build,5,Uniform,"7,078.5 ns",103.43 ns,16.01 ns,1.00,0.0000,0 B,NA
BuildMorton,Job-ZNVNAZ,False,Default,Default,Default,Default,Default,Default,11111111111111111111111111111111,Empty,RyuJit,Default,X64,8c5e7fda-e8bf-4a96-9a85-a6e23a8c635c,.NET 10.0,False,True,False,True,Default,Default,False,False,False,Default,Default,Default,Default,Default,Default,False,Default,5,100ms,Default,1,Default,Default,Default,Default,Default,Default,16,3,Build,5,Uniform,348.7 ns,14.74 ns,3.83 ns,0.05,0.0000,0 B,NA
BuildBefore,Job-ZNVNAZ,False,Default,Default,Default,Default,Default,Default,11111111111111111111111111111111,Empty,RyuJit,Default,X64,8c5e7fda-e8bf-4a96-9a85-a6e23a8c635c,.NET 10.0,False,True,False,True,Default,Default,False,False,False,Default,Default,Default,Default,Default,Default,False,Default,5,100ms,Default,1,Default,Default,Default,Default,Default,Default,16,3,Build,5,LastVoxel,"15,836.1 ns",736.58 ns,191.29 ns,1.00,0.0000,0 B,NA
BuildMorton,Job-ZNVNAZ,False,Default,Default,Default,Default,Default,Default,11111111111111111111111111111111,Empty,RyuJit,Default,X64,8c5e7fda-e8bf-4a96-9a85-a6e23a8c635c,.NET 10.0,False,True,False,True,Default,Default,False,False,False,Default,Default,Default,Default,Default,Default,False,Default,5,100ms,Default,1,Default,Default,Default,Default,Default,Default,16,3,Build,5,LastVoxel,471.1 ns,17.08 ns,4.43 ns,0.03,0.0000,0 B,NA
BuildBefore,Job-ZNVNAZ,False,Default,Default,Default,Default,Default,Default,11111111111111111111111111111111,Empty,RyuJit,Default,X64,8c5e7fda-e8bf-4a96-9a85-a6e23a8c635c,.NET 10.0,False,True,False,True,Default,Default,False,False,False,Default,Default,Default,Default,Default,Default,False,Default,5,100ms,Default,1,Default,Default,Default,Default,Default,Default,16,3,Build,5,Runs,"32,616.1 ns","2,741.21 ns",711.88 ns,1.00,0.0000,0 B,NA
BuildMorton,Job-ZNVNAZ,False,Default,Default,Default,Default,Default,Default,11111111111111111111111111111111,Empty,RyuJit,Default,X64,8c5e7fda-e8bf-4a96-9a85-a6e23a8c635c,.NET 10.0,False,True,False,True,Default,Default,False,False,False,Default,Default,Default,Default,Default,Default,False,Default,5,100ms,Default,1,Default,Default,Default,Default,Default,Default,16,3,Build,5,Runs,"4,909.0 ns",114.30 ns,29.68 ns,0.15,0.0000,0 B,NA
BuildBefore,Job-ZNVNAZ,False,Default,Default,Default,Default,Default,Default,11111111111111111111111111111111,Empty,RyuJit,Default,X64,8c5e7fda-e8bf-4a96-9a85-a6e23a8c635c,.NET 10.0,False,True,False,True,Default,Default,False,False,False,Default,Default,Default,Default,Default,Default,False,Default,5,100ms,Default,1,Default,Default,Default,Default,Default,Default,16,3,Build,5,Dense,"303,304.4 ns","10,717.74 ns","1,658.58 ns",1.00,0.0000,0 B,NA
BuildMorton,Job-ZNVNAZ,False,Default,Default,Default,Default,Default,Default,11111111111111111111111111111111,Empty,RyuJit,Default,X64,8c5e7fda-e8bf-4a96-9a85-a6e23a8c635c,.NET 10.0,False,True,False,True,Default,Default,False,False,False,Default,Default,Default,Default,Default,Default,False,Default,5,100ms,Default,1,Default,Default,Default,Default,Default,Default,16,3,Build,5,Dense,"172,956.6 ns","7,495.60 ns","1,946.58 ns",0.57,0.0000,0 B,NA
ExtractBefore,Job-ZNVNAZ,False,Default,Default,Default,Default,Default,Default,11111111111111111111111111111111,Empty,RyuJit,Default,X64,8c5e7fda-e8bf-4a96-9a85-a6e23a8c635c,.NET 10.0,False,True,False,True,Default,Default,False,False,False,Default,Default,Default,Default,Default,Default,False,Default,5,100ms,Default,1,Default,Default,Default,Default,Default,Default,16,3,Extract,5,Uniform,285.2 ns,8.69 ns,2.26 ns,1.00,0.0028,80 B,1.00
ExtractMorton,Job-ZNVNAZ,False,Default,Default,Default,Default,Default,Default,11111111111111111111111111111111,Empty,RyuJit,Default,X64,8c5e7fda-e8bf-4a96-9a85-a6e23a8c635c,.NET 10.0,False,True,False,True,Default,Default,False,False,False,Default,Default,Default,Default,Default,Default,False,Default,5,100ms,Default,1,Default,Default,Default,Default,Default,Default,16,3,Extract,5,Uniform,303.9 ns,3.47 ns,0.54 ns,1.07,0.0000,0 B,0.00
ExtractBefore,Job-ZNVNAZ,False,Default,Default,Default,Default,Default,Default,11111111111111111111111111111111,Empty,RyuJit,Default,X64,8c5e7fda-e8bf-4a96-9a85-a6e23a8c635c,.NET 10.0,False,True,False,True,Default,Default,False,False,False,Default,Default,Default,Default,Default,Default,False,Default,5,100ms,Default,1,Default,Default,Default,Default,Default,Default,16,3,Extract,5,LastVoxel,822.5 ns,17.20 ns,4.47 ns,1.00,0.0000,0 B,NA
ExtractMorton,Job-ZNVNAZ,False,Default,Default,Default,Default,Default,Default,11111111111111111111111111111111,Empty,RyuJit,Default,X64,8c5e7fda-e8bf-4a96-9a85-a6e23a8c635c,.NET 10.0,False,True,False,True,Default,Default,False,False,False,Default,Default,Default,Default,Default,Default,False,Default,5,100ms,Default,1,Default,Default,Default,Default,Default,Default,16,3,Extract,5,LastVoxel,478.7 ns,10.85 ns,2.82 ns,0.58,0.0000,0 B,NA
ExtractBefore,Job-ZNVNAZ,False,Default,Default,Default,Default,Default,Default,11111111111111111111111111111111,Empty,RyuJit,Default,X64,8c5e7fda-e8bf-4a96-9a85-a6e23a8c635c,.NET 10.0,False,True,False,True,Default,Default,False,False,False,Default,Default,Default,Default,Default,Default,False,Default,5,100ms,Default,1,Default,Default,Default,Default,Default,Default,16,3,Extract,5,Runs,"10,943.0 ns",199.11 ns,51.71 ns,1.00,0.0000,0 B,NA
ExtractMorton,Job-ZNVNAZ,False,Default,Default,Default,Default,Default,Default,11111111111111111111111111111111,Empty,RyuJit,Default,X64,8c5e7fda-e8bf-4a96-9a85-a6e23a8c635c,.NET 10.0,False,True,False,True,Default,Default,False,False,False,Default,Default,Default,Default,Default,Default,False,Default,5,100ms,Default,1,Default,Default,Default,Default,Default,Default,16,3,Extract,5,Runs,"4,565.2 ns",88.72 ns,23.04 ns,0.42,0.0000,0 B,NA
ExtractBefore,Job-ZNVNAZ,False,Default,Default,Default,Default,Default,Default,11111111111111111111111111111111,Empty,RyuJit,Default,X64,8c5e7fda-e8bf-4a96-9a85-a6e23a8c635c,.NET 10.0,False,True,False,True,Default,Default,False,False,False,Default,Default,Default,Default,Default,Default,False,Default,5,100ms,Default,1,Default,Default,Default,Default,Default,Default,16,3,Extract,5,Dense,"65,355.3 ns","3,342.37 ns",517.24 ns,1.00,0.0000,0 B,NA
ExtractMorton,Job-ZNVNAZ,False,Default,Default,Default,Default,Default,Default,11111111111111111111111111111111,Empty,RyuJit,Default,X64,8c5e7fda-e8bf-4a96-9a85-a6e23a8c635c,.NET 10.0,False,True,False,True,Default,Default,False,False,False,Default,Default,Default,Default,Default,Default,False,Default,5,100ms,Default,1,Default,Default,Default,Default,Default,Default,16,3,Extract,5,Dense,"21,076.6 ns",849.77 ns,131.50 ns,0.32,0.0000,0 B,NA
LinearBuildBefore,Job-ZNVNAZ,False,Default,Default,Default,Default,Default,Default,11111111111111111111111111111111,Empty,RyuJit,Default,X64,8c5e7fda-e8bf-4a96-9a85-a6e23a8c635c,.NET 10.0,False,True,False,True,Default,Default,False,False,False,Default,Default,Default,Default,Default,Default,False,Default,5,100ms,Default,1,Default,Default,Default,Default,Default,Default,16,3,LinearBuild,5,Uniform,"7,039.0 ns",249.85 ns,64.88 ns,1.00,0.0000,0 B,NA
LinearBuild,Job-ZNVNAZ,False,Default,Default,Default,Default,Default,Default,11111111111111111111111111111111,Empty,RyuJit,Default,X64,8c5e7fda-e8bf-4a96-9a85-a6e23a8c635c,.NET 10.0,False,True,False,True,Default,Default,False,False,False,Default,Default,Default,Default,Default,Default,False,Default,5,100ms,Default,1,Default,Default,Default,Default,Default,Default,16,3,LinearBuild,5,Uniform,"7,229.1 ns",96.95 ns,15.00 ns,1.03,0.0000,0 B,NA
LinearBuildBefore,Job-ZNVNAZ,False,Default,Default,Default,Default,Default,Default,11111111111111111111111111111111,Empty,RyuJit,Default,X64,8c5e7fda-e8bf-4a96-9a85-a6e23a8c635c,.NET 10.0,False,True,False,True,Default,Default,False,False,False,Default,Default,Default,Default,Default,Default,False,Default,5,100ms,Default,1,Default,Default,Default,Default,Default,Default,16,3,LinearBuild,5,LastVoxel,"17,662.9 ns",550.27 ns,142.90 ns,1.00,0.0000,0 B,NA
LinearBuild,Job-ZNVNAZ,False,Default,Default,Default,Default,Default,Default,11111111111111111111111111111111,Empty,RyuJit,Default,X64,8c5e7fda-e8bf-4a96-9a85-a6e23a8c635c,.NET 10.0,False,True,False,True,Default,Default,False,False,False,Default,Default,Default,Default,Default,Default,False,Default,5,100ms,Default,1,Default,Default,Default,Default,Default,Default,16,3,LinearBuild,5,LastVoxel,"18,254.7 ns",654.13 ns,169.87 ns,1.03,0.0000,0 B,NA
LinearBuildBefore,Job-ZNVNAZ,False,Default,Default,Default,Default,Default,Default,11111111111111111111111111111111,Empty,RyuJit,Default,X64,8c5e7fda-e8bf-4a96-9a85-a6e23a8c635c,.NET 10.0,False,True,False,True,Default,Default,False,False,False,Default,Default,Default,Default,Default,Default,False,Default,5,100ms,Default,1,Default,Default,Default,Default,Default,Default,16,3,LinearBuild,5,Runs,"29,577.4 ns",371.03 ns,57.42 ns,1.00,0.0000,0 B,NA
LinearBuild,Job-ZNVNAZ,False,Default,Default,Default,Default,Default,Default,11111111111111111111111111111111,Empty,RyuJit,Default,X64,8c5e7fda-e8bf-4a96-9a85-a6e23a8c635c,.NET 10.0,False,True,False,True,Default,Default,False,False,False,Default,Default,Default,Default,Default,Default,False,Default,5,100ms,Default,1,Default,Default,Default,Default,Default,Default,16,3,LinearBuild,5,Runs,"28,098.4 ns","1,132.32 ns",294.06 ns,0.95,0.0000,0 B,NA
LinearBuildBefore,Job-ZNVNAZ,False,Default,Default,Default,Default,Default,Default,11111111111111111111111111111111,Empty,RyuJit,Default,X64,8c5e7fda-e8bf-4a96-9a85-a6e23a8c635c,.NET 10.0,False,True,False,True,Default,Default,False,False,False,Default,Default,Default,Default,Default,Default,False,Default,5,100ms,Default,1,Default,Default,Default,Default,Default,Default,16,3,LinearBuild,5,Dense,"245,163.9 ns","4,468.67 ns","1,160.50 ns",1.00,0.0000,0 B,NA
LinearBuild,Job-ZNVNAZ,False,Default,Default,Default,Default,Default,Default,11111111111111111111111111111111,Empty,RyuJit,Default,X64,8c5e7fda-e8bf-4a96-9a85-a6e23a8c635c,.NET 10.0,False,True,False,True,Default,Default,False,False,False,Default,Default,Default,Default,Default,Default,False,Default,5,100ms,Default,1,Default,Default,Default,Default,Default,Default,16,3,LinearBuild,5,Dense,"228,877.8 ns","6,034.42 ns","1,567.12 ns",0.93,0.0000,0 B,NA
